SET @cId := 5300000, @noFollowLeader := 1, @noFollowMember := 2, @followLeader := 1, @followMember := 517, @lootId := 46000, @refId := 46000;

UPDATE `areatrigger_teleport` SET `target_map`=0, `target_position_x`=3117.02, `target_position_y`=-3722.46, `target_position_z`=136.467, `target_orientation`=2.6548 WHERE `ID` IN (
    5196, -- Naxxramas, North-East (Exit)
    5197, -- Naxxramas, North-West (Exit)
    5198, -- Naxxramas, South-East (Exit)
    5199 -- Naxxramas, South-West (Exit)
);

DELETE FROM `areatrigger` WHERE `entry` = 4055;

DELETE FROM `areatrigger_teleport` WHERE `ID` = 4055;

DELETE FROM `areatrigger_scripts` WHERE `entry` = 4055;

DELETE FROM `gameobject` WHERE `id` = 181476; -- Nox Portal Plaguewood

DELETE FROM `map_dbc` WHERE `ID` = 533;
INSERT INTO `map_dbc` (`ID`, `Directory`, `InstanceType`, `Flags`, `PVP`, `MapName_Lang_enUS`, `MapName_Lang_enGB`, `MapName_Lang_koKR`, `MapName_Lang_frFR`, `MapName_Lang_deDE`, `MapName_Lang_enCN`, `MapName_Lang_zhCN`, `MapName_Lang_enTW`, `MapName_Lang_zhTW`, `MapName_Lang_esES`, `MapName_Lang_esMX`, `MapName_Lang_ruRU`, `MapName_Lang_ptPT`, `MapName_Lang_ptBR`, `MapName_Lang_itIT`, `MapName_Lang_Unk`, `MapName_Lang_Mask`, `AreaTableID`, `MapDescription0_Lang_enUS`, `MapDescription0_Lang_enGB`, `MapDescription0_Lang_koKR`, `MapDescription0_Lang_frFR`, `MapDescription0_Lang_deDE`, `MapDescription0_Lang_enCN`, `MapDescription0_Lang_zhCN`, `MapDescription0_Lang_enTW`, `MapDescription0_Lang_zhTW`, `MapDescription0_Lang_esES`, `MapDescription0_Lang_esMX`, `MapDescription0_Lang_ruRU`, `MapDescription0_Lang_ptPT`, `MapDescription0_Lang_ptBR`, `MapDescription0_Lang_itIT`, `MapDescription0_Lang_Unk`, `MapDescription0_Lang_Mask`, `MapDescription1_Lang_enUS`, `MapDescription1_Lang_enGB`, `MapDescription1_Lang_koKR`, `MapDescription1_Lang_frFR`, `MapDescription1_Lang_deDE`, `MapDescription1_Lang_enCN`, `MapDescription1_Lang_zhCN`, `MapDescription1_Lang_enTW`, `MapDescription1_Lang_zhTW`, `MapDescription1_Lang_esES`, `MapDescription1_Lang_esMX`, `MapDescription1_Lang_ruRU`, `MapDescription1_Lang_ptPT`, `MapDescription1_Lang_ptBR`, `MapDescription1_Lang_itIT`, `MapDescription1_Lang_Unk`, `MapDescription1_Lang_Mask`, `LoadingScreenID`, `MinimapIconScale`, `CorpseMapID`, `CorpseX`, `CorpseY`, `TimeOfDayOverride`, `ExpansionID`, `RaidOffset`, `MaxPlayers`) VALUES
(533, 'Stratholme Raid', 2, 0, 0, 'Naxxramas', NULL, NULL, NULL, NULL, NULL, NULL, NULL, NULL, NULL, NULL, NULL, NULL, NULL, NULL, NULL, 16712190, 3456, NULL, NULL, NULL, NULL, NULL, NULL, NULL, NULL, NULL, NULL, NULL, NULL, NULL, NULL, NULL, NULL, 16712188, NULL, NULL, NULL, NULL, NULL, NULL, NULL, NULL, NULL, NULL, NULL, NULL, NULL, NULL, NULL, NULL, 16712188, 197, 1, 0, 0, 0, -1, 0, 0, 40);

DELETE FROM `mapdifficulty_dbc` WHERE `MapID` = 533;
INSERT INTO `mapdifficulty_dbc` (`ID`, `MapID`, `Difficulty`, `Message_Lang_enUS`, `Message_Lang_enGB`, `Message_Lang_koKR`, `Message_Lang_frFR`, `Message_Lang_deDE`, `Message_Lang_enCN`, `Message_Lang_zhCN`, `Message_Lang_enTW`, `Message_Lang_zhTW`, `Message_Lang_esES`, `Message_Lang_esMX`, `Message_Lang_ruRU`, `Message_Lang_ptPT`, `Message_Lang_ptBR`, `Message_Lang_itIT`, `Message_Lang_Unk`, `Message_Lang_Mask`, `RaidDuration`, `MaxPlayers`, `Difficultystring`) VALUES
(46, 533, 0, 'You must be level 51+, in a Raid group, and be attuned to Naxxramas to enter.', NULL, NULL, NULL, NULL, NULL, NULL, NULL, NULL, NULL, NULL, NULL, NULL, NULL, NULL, NULL, 16712190, 604800, 40, 'RAID_DIFFICULTY_40PLAYER'),
(128, 533, 1, 'You must be level 51+, in a Raid group, and be attuned to Naxxramas to enter.', NULL, NULL, NULL, NULL, NULL, NULL, NULL, NULL, NULL, NULL, NULL, NULL, NULL, NULL, NULL, 16712190, 604800, 40, 'RAID_DIFFICULTY_40PLAYER');

UPDATE `creature` SET `id1` = 16017 WHERE `guid` IN (128075, 128084); -- Patchwork Golem -> Bile Retcher
DELETE FROM `creature` WHERE `guid` BETWEEN @cId+5 AND @cId+10;
INSERT INTO `creature` (`guid`, `id1`, `id2`, `id3`, `map`, `zoneId`, `areaId`, `spawnMask`, `phaseMask`, `equipment_id`, `position_x`, `position_y`, `position_z`, `orientation`, `spawntimesecs`, `wander_distance`, `currentwaypoint`, `curhealth`, `curmana`, `MovementType`, `npcflag`, `unit_flags`, `dynamicflags`, `ScriptName`, `VerifiedBuild`, `CreateObject`, `Comment`) VALUES
(@cId+5, 16017, 0, 0, 533, 0, 0, 3, 1, 0, 3086.04, -3386.8, 298.401, 3.1765, 3600, 0, 0, 0, 0, 0, 0, 0, 0, NULL, 0, 0, NULL), -- Patchwork Golem
(@cId+6, 16017, 0, 0, 533, 0, 0, 3, 1, 0, 3054.92, -3356.8, 298.401, 4.72984, 3600, 0, 0, 0, 0, 0, 0, 0, 0, NULL, 0, 0, NULL), -- Patchwork Golem
(@cId+7, 16018, 0, 0, 533, 0, 0, 3, 1, 0, 3149.04, -3345.12, 294.592, 2.46091, 3600, 0, 0, 0, 0, 0, 0, 0, 0, NULL, 0, 0, NULL), -- Bile Retcher
(@cId+8, 16018, 0, 0, 533, 0, 0, 3, 1, 0, 3096.72, -3292.51, 294.597, 5.60251, 3600, 0, 0, 0, 0, 0, 0, 0, 0, NULL, 0, 0, NULL), -- Bile Retcher
(@cId+9, 16017, 0, 0, 533, 0, 0, 3, 1, 0, 3149.68, -3265.7, 294.576, 4.2237, 3600, 0, 0, 0, 0, 0, 0, 0, 0, NULL, 0, 0, NULL), -- Patchwork Golem
(@cId+10, 16017, 0, 0, 533, 0, 0, 3, 1, 0, 3174.14, -3291.93, 294.714, 3.80482, 3600, 0, 0, 0, 0, 0, 0, 0, 0, NULL, 0, 0, NULL); -- Patchwork Golem

DELETE FROM `creature_formations` WHERE `leaderGUID` IN (@cId+5, @cId+7, @cId+8, @cId+9);
INSERT INTO `creature_formations` (`leaderGUID`, `memberGUID`, `dist`, `angle`, `groupAI`, `point_1`, `point_2`) VALUES
(@cId+5, @cId+5, 0, 0, @noFollowLeader, 0, 0),
(@cId+5, @cId+6, 0, 0, @noFollowMember, 0, 0),
(@cId+5, 128073, 0, 0, @noFollowMember, 0, 0),
(@cId+5, 128074, 0, 0, @noFollowMember, 0, 0),
(@cId+7, @cId+7, 0, 0, @noFollowLeader, 0, 0),
(@cId+7, 128067, 0, 0, @noFollowMember, 0, 0),
(@cId+7, 128075, 0, 0, @noFollowMember, 0, 0),
(@cId+8, @cId+8, 0, 0, @noFollowLeader, 0, 0),
(@cId+8, 128072, 0, 0, @noFollowMember, 0, 0),
(@cId+8, 128084, 0, 0, @noFollowMember, 0, 0),
(@cId+9, @cId+9, 0, 0, @noFollowLeader, 0, 0),
(@cId+9, @cId+10, 0, 0, @noFollowMember, 0, 0),
(@cId+9, 128070, 0, 0, @noFollowMember, 0, 0),
(@cId+9, 128071, 0, 0, @noFollowMember, 0, 0);

UPDATE `creature_template` SET `difficulty_entry_1` = 0, `minlevel` = 61, `maxlevel` = 61, `exp` = 0, `DamageModifier` = 30, `BaseAttackTime` = 2500, `RangeAttackTime` = 2500, `lootid` = @lootId+1, `maxgold` = 4965, `HealthModifier` = 28 WHERE `entry` = 16017; -- Patchwork Golem
UPDATE `creature_template` SET `difficulty_entry_1` = 0, `minlevel` = 61, `maxlevel` = 61, `exp` = 0, `DamageModifier` = 28, `BaseAttackTime` = 2500, `RangeAttackTime` = 2500, `lootid` = @lootId+2, `HealthModifier` = 34 WHERE `entry` = 16018; -- Bile Retcher
UPDATE `creature_template` SET `difficulty_entry_1` = 0, `minlevel` = 62, `maxlevel` = 62, `exp` = 0, `DamageModifier` = 28, `RangeAttackTime` = 2500, `lootid` = @lootId+3, `mingold` = 0, `maxgold` = 0, `HealthModifier` = 25 WHERE `entry` = 16029; -- Sludge Belcher
UPDATE `creature_template` SET `difficulty_entry_1` = 0, `minlevel` = 60, `maxlevel` = 60, `exp` = 0, `DamageModifier` = 28, `BaseAttackTime` = 1800, `RangeAttackTime` = 1800, `HealthModifier` = 50 WHERE `entry` = 16375; -- Sewage Slime

DELETE FROM `creature_loot_template` WHERE `Entry` BETWEEN @lootId+1 AND @lootId+3;
INSERT INTO `creature_loot_template` (`Entry`, `Item`, `Reference`, `Chance`, `QuestRequired`, `LootMode`, `GroupId`, `MinCount`, `MaxCount`, `Comment`) VALUES
-- Patchwork Golem
(@lootId+1, 5760, 0, 0.9632, 0, 1, 0, 1, 1, 'Patchwork Golem - Eternium Lockbox'),
(@lootId+1, 7909, 0, 0.15, 0, 1, 0, 1, 1, 'Patchwork Golem - Aquamarine'),
(@lootId+1, 7910, 0, 0.7005, 0, 1, 0, 1, 1, 'Patchwork Golem - Star Ruby'),
(@lootId+1, 12704, 0, 0.02, 0, 1, 0, 1, 1, 'Patchwork Golem - Plans: Thorium Leggings'),
(@lootId+1, 12713, 0, 0.02, 0, 1, 0, 1, 1, 'Patchwork Golem - Plans: Radiant Leggings'),
(@lootId+1, 12808, 0, 1.3135, 0, 1, 0, 1, 1, 'Patchwork Golem - Essence of Undeath'),
(@lootId+1, 13490, 0, 0.05, 0, 1, 0, 1, 1, 'Patchwork Golem - Recipe: Greater Stoneshield Potion'),
(@lootId+1, 14491, 0, 0.02, 0, 1, 0, 1, 1, 'Patchwork Golem - Pattern: Runecloth Pants'),
(@lootId+1, 14504, 0, 0.02, 0, 1, 0, 1, 1, 'Patchwork Golem - Pattern: Runecloth Shoulders'),
(@lootId+1, 15765, 0, 0.06, 0, 1, 0, 1, 1, 'Patchwork Golem - Pattern: Runic Leather Pants'),
(@lootId+1, 16251, 0, 0.02, 0, 1, 0, 1, 1, 'Patchwork Golem - Formula: Enchant Bracer - Superior Stamina'),
(@lootId+1, 17414, 0, 0.02, 0, 1, 0, 1, 1, 'Patchwork Golem - Codex: Prayer of Fortitude II'),
(@lootId+1, 17683, 0, 0.02, 0, 1, 0, 1, 1, 'Patchwork Golem - Book: Gift of the Wild II'),
(@lootId+1, 18600, 0, 0.03, 0, 1, 0, 1, 1, 'Patchwork Golem - Tome of Arcane Brilliance'),
(@lootId+1, 22373, 0, 19.4396, 0, 1, 0, 1, 1, 'Patchwork Golem - Wartorn Leather Scrap'),
(@lootId+1, 22374, 0, 11.4711, 0, 1, 0, 1, 1, 'Patchwork Golem - Wartorn Chain Scrap'),
(@lootId+1, 22375, 0, 18.3012, 0, 1, 0, 1, 1, 'Patchwork Golem - Wartorn Plate Scrap'),
(@lootId+1, 22376, 0, 26.5324, 0, 1, 0, 1, 1, 'Patchwork Golem - Wartorn Cloth Scrap'),
(@lootId+1, 22393, 0, 0.16, 0, 1, 0, 1, 1, 'Patchwork Golem - Codex: Prayer of Shadow Protection'),
(@lootId+1, 22708, 0, 100, 1, 1, 0, 1, 1, 'Patchwork Golem - Fate of Ramaladni'),
(@lootId+1, 22891, 0, 0.02, 0, 1, 0, 1, 1, 'Patchwork Golem - Grimoire of Shadow Ward IV'),
(@lootId+1, 23044, 0, 0.49, 0, 1, 0, 1, 1, 'Patchwork Golem - Harbinger of Doom'),
(@lootId+1, 23055, 0, 9.0193, 0, 1, 0, 1, 1, 'Patchwork Golem - Word of Thawing'),
(@lootId+1, 23069, 0, 0.36, 0, 1, 0, 1, 1, 'Patchwork Golem - Necro-Knight\'s Garb'),
(@lootId+1, 23221, 0, 0.49, 0, 1, 0, 1, 1, 'Patchwork Golem - Misplaced Servo Arm'),
(@lootId+1, 23226, 0, 0.65, 0, 1, 0, 1, 1, 'Patchwork Golem - Ghoul Skin Tunic'),
(@lootId+1, 23237, 0, 0.0876, 0, 1, 0, 1, 1, 'Patchwork Golem - Ring of the Eternal Flame'),
(@lootId+1, 23238, 0, 0.34, 0, 1, 0, 1, 1, 'Patchwork Golem - Stygian Buckler'),
(@lootId+1, 23663, 0, 0.33, 0, 1, 0, 1, 1, 'Patchwork Golem - Girdle of Elemental Fury'),
(@lootId+1, 23664, 0, 0.02, 0, 1, 0, 1, 1, 'Patchwork Golem - Pauldrons of Elemental Fury'),
(@lootId+1, 23665, 0, 0.06, 0, 1, 0, 1, 1, 'Patchwork Golem - Leggings of Elemental Fury'),
(@lootId+1, 23666, 0, 0.02, 0, 1, 0, 1, 1, 'Patchwork Golem - Belt of the Grand Crusader'),
(@lootId+1, 23667, 0, 0.08, 0, 1, 0, 1, 1, 'Patchwork Golem - Spaulders of the Grand Crusader'),
(@lootId+1, 23668, 0, 0.16, 0, 1, 0, 1, 1, 'Patchwork Golem - Leggings of the Grand Crusader'),
(@lootId+1, @refId+9, @refId+9, 2, 0, 1, 0, 1, 1, 'Patchwork Golem - (ReferenceTable)'),
-- Bile Retcher
(@lootId+2, 5760, 0, 0.1321, 0, 1, 0, 1, 1, 'Bile Retcher - Eternium Lockbox'),
(@lootId+2, 7909, 0, 0.2642, 0, 1, 0, 1, 1, 'Bile Retcher - Aquamarine'),
(@lootId+2, 7910, 0, 0.1321, 0, 1, 0, 1, 1, 'Bile Retcher - Star Ruby'),
(@lootId+2, 12695, 0, 0.03, 0, 1, 0, 1, 1, 'Bile Retcher - Plans: Radiant Gloves'),
(@lootId+2, 12808, 0, 0.7926, 0, 1, 0, 1, 1, 'Bile Retcher - Essence of Undeath'),
(@lootId+2, 14491, 0, 0.03, 0, 1, 0, 1, 1, 'Bile Retcher - Pattern: Runecloth Pants'),
(@lootId+2, 14504, 0, 0.05, 0, 1, 0, 1, 1, 'Bile Retcher - Pattern: Runecloth Shoulders'),
(@lootId+2, 14506, 0, 0.83, 0, 1, 0, 1, 1, 'Bile Retcher - Pattern: Felcloth Robe'),
(@lootId+2, 14508, 0, 0.28, 0, 1, 0, 1, 1, 'Bile Retcher - Pattern: Felcloth Shoulders'),
(@lootId+2, 15746, 0, 0.03, 0, 1, 0, 1, 1, 'Bile Retcher - Pattern: Chimeric Leggings'),
(@lootId+2, 15757, 0, 0.03, 0, 1, 0, 1, 1, 'Bile Retcher - Pattern: Wicked Leather Pants'),
(@lootId+2, 15765, 0, 0.03, 0, 1, 0, 1, 1, 'Bile Retcher - Pattern: Runic Leather Pants'),
(@lootId+2, 16245, 0, 0.03, 0, 1, 0, 1, 1, 'Bile Retcher - Formula: Enchant Boots - Greater Agility'),
(@lootId+2, 16251, 0, 0.11, 0, 1, 0, 1, 1, 'Bile Retcher - Formula: Enchant Bracer - Superior Stamina'),
(@lootId+2, 17683, 0, 0.03, 0, 1, 0, 1, 1, 'Bile Retcher - Book: Gift of the Wild II'),
(@lootId+2, 18600, 0, 0.03, 0, 1, 0, 1, 1, 'Bile Retcher - Tome of Arcane Brilliance'),
(@lootId+2, 22373, 0, 15.3236, 0, 1, 0, 1, 1, 'Bile Retcher - Wartorn Leather Scrap'),
(@lootId+2, 22374, 0, 12.0211, 0, 1, 0, 1, 1, 'Bile Retcher - Wartorn Chain Scrap'),
(@lootId+2, 22375, 0, 19.2867, 0, 1, 0, 1, 1, 'Bile Retcher - Wartorn Plate Scrap'),
(@lootId+2, 22376, 0, 28.5337, 0, 1, 0, 1, 1, 'Bile Retcher - Wartorn Cloth Scrap'),
(@lootId+2, 22891, 0, 0.03, 0, 1, 0, 1, 1, 'Bile Retcher - Grimoire of Shadow Ward IV'),
(@lootId+2, 23044, 0, 0.28, 0, 1, 0, 1, 1, 'Bile Retcher - Harbinger of Doom'),
(@lootId+2, 23055, 0, 4.8877, 0, 1, 0, 1, 1, 'Bile Retcher - Word of Thawing'),
(@lootId+2, 23069, 0, 0.28, 0, 1, 0, 1, 1, 'Bile Retcher - Necro-Knight\'s Garb'),
(@lootId+2, 23221, 0, 0.14, 0, 1, 0, 1, 1, 'Bile Retcher - Misplaced Servo Arm'),
(@lootId+2, 23226, 0, 0.83, 0, 1, 0, 1, 1, 'Bile Retcher - Ghoul Skin Tunic'),
(@lootId+2, 23237, 0, 0.2642, 0, 1, 0, 1, 1, 'Bile Retcher - Ring of the Eternal Flame'),
(@lootId+2, 23238, 0, 0.3, 0, 1, 0, 1, 1, 'Bile Retcher - Stygian Buckler'),
(@lootId+2, 23663, 0, 0.1321, 0, 1, 0, 1, 1, 'Bile Retcher - Girdle of Elemental Fury'),
(@lootId+2, 23664, 0, 0.28, 0, 1, 0, 1, 1, 'Bile Retcher - Pauldrons of Elemental Fury'),
(@lootId+2, 23665, 0, 0.03, 0, 1, 0, 1, 1, 'Bile Retcher - Leggings of Elemental Fury'),
(@lootId+2, 23666, 0, 0.14, 0, 1, 0, 1, 1, 'Bile Retcher - Belt of the Grand Crusader'),
(@lootId+2, 23668, 0, 0.1321, 0, 1, 0, 1, 1, 'Bile Retcher - Leggings of the Grand Crusader'),
(@lootId+2, @refId+9, @refId+9, 2, 0, 1, 0, 1, 1, 'Bile Retcher - (ReferenceTable)'),
-- Sludge Belcher
(@lootId+3, 7910, 0, 0.11, 0, 1, 0, 1, 1, 'Sludge Belcher - Star Ruby'),
(@lootId+3, @refId+10, @refId+10, 0.1, 0, 1, 0, 1, 1, 'Sludge Belcher - Reference'),
(@lootId+3, @refId+11, @refId+11, 2, 0, 1, 0, 1, 1, 'Sludge Belcher - Reference'),
(@lootId+3, @refId+12, @refId+12, 0.01, 0, 1, 0, 1, 1, 'Sludge Belcher - Reference');

DELETE FROM `reference_loot_template` WHERE `Entry` BETWEEN @refId+9 AND @refId+12;
INSERT INTO `reference_loot_template` (`Entry`, `Item`, `Reference`, `Chance`, `QuestRequired`, `LootMode`, `GroupId`, `MinCount`, `MaxCount`, `Comment`) VALUES
-- 60296
(@refId+9, 8283, 0, 0, 0, 1, 1, 1, 1, 'Arcane Armor'),
(@refId+9, 8289, 0, 0, 0, 1, 1, 1, 1, 'Arcane Leggings'),
(@refId+9, 8290, 0, 0, 0, 1, 1, 1, 1, 'Arcane Robe'),
(@refId+9, 8296, 0, 0, 0, 1, 1, 1, 1, 'Traveler\'s Jerkin'),
(@refId+9, 8300, 0, 0, 0, 1, 1, 1, 1, 'Traveler\'s Leggings'),
(@refId+9, 8303, 0, 0, 0, 1, 1, 1, 1, 'Hero\'s Breastplate'),
(@refId+9, 8307, 0, 0, 0, 1, 1, 1, 1, 'Hero\'s Boots'),
(@refId+9, 8308, 0, 0, 0, 1, 1, 1, 1, 'Hero\'s Band'),
(@refId+9, 8309, 0, 0, 0, 1, 1, 1, 1, 'Hero\'s Leggings'),
(@refId+9, 8310, 0, 0, 0, 1, 1, 1, 1, 'Hero\'s Pauldrons'),
(@refId+9, 8313, 0, 0, 0, 1, 1, 1, 1, 'Hero\'s Buckler'),
(@refId+9, 10105, 0, 0, 0, 1, 1, 1, 1, 'Wanderer\'s Armor'),
(@refId+9, 10135, 0, 0, 0, 1, 1, 1, 1, 'High Councillor\'s Tunic'),
(@refId+9, 10136, 0, 0, 0, 1, 1, 1, 1, 'High Councillor\'s Bracers'),
(@refId+9, 10137, 0, 0, 0, 1, 1, 1, 1, 'High Councillor\'s Boots'),
(@refId+9, 10139, 0, 0, 0, 1, 1, 1, 1, 'High Councillor\'s Circlet'),
(@refId+9, 10140, 0, 0, 0, 1, 1, 1, 1, 'High Councillor\'s Gloves'),
(@refId+9, 10141, 0, 0, 0, 1, 1, 1, 1, 'High Councillor\'s Pants'),
(@refId+9, 10142, 0, 0, 0, 1, 1, 1, 1, 'High Councillor\'s Mantle'),
(@refId+9, 10143, 0, 0, 0, 1, 1, 1, 1, 'High Councillor\'s Robe'),
(@refId+9, 10144, 0, 0, 0, 1, 1, 1, 1, 'High Councillor\'s Sash'),
(@refId+9, 10146, 0, 0, 0, 1, 1, 1, 1, 'Mighty Boots'),
(@refId+9, 10147, 0, 0, 0, 1, 1, 1, 1, 'Mighty Armsplints'),
(@refId+9, 10149, 0, 0, 0, 1, 1, 1, 1, 'Mighty Gauntlets'),
(@refId+9, 10150, 0, 0, 0, 1, 1, 1, 1, 'Mighty Helmet'),
(@refId+9, 10151, 0, 0, 0, 1, 1, 1, 1, 'Mighty Tunic'),
(@refId+9, 10152, 0, 0, 0, 1, 1, 1, 1, 'Mighty Leggings'),
(@refId+9, 10153, 0, 0, 0, 1, 1, 1, 1, 'Mighty Spaulders'),
(@refId+9, 10154, 0, 0, 0, 1, 1, 1, 1, 'Mercurial Girdle'),
(@refId+9, 10155, 0, 0, 0, 1, 1, 1, 1, 'Mercurial Greaves'),
(@refId+9, 10156, 0, 0, 0, 1, 1, 1, 1, 'Mercurial Bracers'),
(@refId+9, 10157, 0, 0, 0, 1, 1, 1, 1, 'Mercurial Breastplate'),
(@refId+9, 10158, 0, 0, 0, 1, 1, 1, 1, 'Mercurial Guard'),
(@refId+9, 10160, 0, 0, 0, 1, 1, 1, 1, 'Mercurial Circlet'),
(@refId+9, 10161, 0, 0, 0, 1, 1, 1, 1, 'Mercurial Gauntlets'),
(@refId+9, 10162, 0, 0, 0, 1, 1, 1, 1, 'Mercurial Legguards'),
(@refId+9, 10163, 0, 0, 0, 1, 1, 1, 1, 'Mercurial Pauldrons'),
(@refId+9, 10210, 0, 0, 0, 1, 1, 1, 1, 'Elegant Mantle'),
(@refId+9, 10215, 0, 0, 0, 1, 1, 1, 1, 'Elegant Robes'),
(@refId+9, 10217, 0, 0, 0, 1, 1, 1, 1, 'Elegant Leggings'),
(@refId+9, 10218, 0, 0, 0, 1, 1, 1, 1, 'Elegant Tunic'),
(@refId+9, 10219, 0, 0, 0, 1, 1, 1, 1, 'Elegant Circlet'),
(@refId+9, 10220, 0, 0, 0, 1, 1, 1, 1, 'Nightshade Tunic'),
(@refId+9, 10226, 0, 0, 0, 1, 1, 1, 1, 'Nightshade Helmet'),
(@refId+9, 10227, 0, 0, 0, 1, 1, 1, 1, 'Nightshade Leggings'),
(@refId+9, 10228, 0, 0, 0, 1, 1, 1, 1, 'Nightshade Spaulders'),
(@refId+9, 10230, 0, 0, 0, 1, 1, 1, 1, 'Engraved Breastplate'),
(@refId+9, 10247, 0, 0, 0, 1, 1, 1, 1, 'Master\'s Boots'),
(@refId+9, 10248, 0, 0, 0, 1, 1, 1, 1, 'Master\'s Bracers'),
(@refId+9, 10249, 0, 0, 0, 1, 1, 1, 1, 'Master\'s Cloak'),
(@refId+9, 10250, 0, 0, 0, 1, 1, 1, 1, 'Master\'s Hat'),
(@refId+9, 10251, 0, 0, 0, 1, 1, 1, 1, 'Master\'s Gloves'),
(@refId+9, 10252, 0, 0, 0, 1, 1, 1, 1, 'Master\'s Leggings'),
(@refId+9, 10253, 0, 0, 0, 1, 1, 1, 1, 'Master\'s Mantle'),
(@refId+9, 10255, 0, 0, 0, 1, 1, 1, 1, 'Master\'s Belt'),
(@refId+9, 10256, 0, 0, 0, 1, 1, 1, 1, 'Adventurer\'s Bracers'),
(@refId+9, 10257, 0, 0, 0, 1, 1, 1, 1, 'Adventurer\'s Boots'),
(@refId+9, 10258, 0, 0, 0, 1, 1, 1, 1, 'Adventurer\'s Cape'),
(@refId+9, 10259, 0, 0, 0, 1, 1, 1, 1, 'Adventurer\'s Belt'),
(@refId+9, 10260, 0, 0, 0, 1, 1, 1, 1, 'Adventurer\'s Gloves'),
(@refId+9, 10261, 0, 0, 0, 1, 1, 1, 1, 'Adventurer\'s Bandana'),
(@refId+9, 10262, 0, 0, 0, 1, 1, 1, 1, 'Adventurer\'s Legguards'),
(@refId+9, 10263, 0, 0, 0, 1, 1, 1, 1, 'Adventurer\'s Shoulders'),
(@refId+9, 10265, 0, 0, 0, 1, 1, 1, 1, 'Masterwork Bracers'),
(@refId+9, 10267, 0, 0, 0, 1, 1, 1, 1, 'Masterwork Cape'),
(@refId+9, 10268, 0, 0, 0, 1, 1, 1, 1, 'Masterwork Gauntlets'),
(@refId+9, 10269, 0, 0, 0, 1, 1, 1, 1, 'Masterwork Girdle'),
(@refId+9, 10270, 0, 0, 0, 1, 1, 1, 1, 'Masterwork Boots'),
(@refId+9, 10272, 0, 0, 0, 1, 1, 1, 1, 'Masterwork Circlet'),
(@refId+9, 10273, 0, 0, 0, 1, 1, 1, 1, 'Masterwork Legplates'),
(@refId+9, 10274, 0, 0, 0, 1, 1, 1, 1, 'Masterwork Pauldrons'),
(@refId+9, 10275, 0, 0, 0, 1, 1, 1, 1, 'Emerald Breastplate'),
(@refId+9, 10363, 0, 0, 0, 1, 1, 1, 1, 'Engraved Wall'),
(@refId+9, 10366, 0, 0, 0, 1, 1, 1, 1, 'Demon Guard'),
(@refId+9, 10368, 0, 0, 0, 1, 1, 1, 1, 'Imbued Plate Armor'),
(@refId+9, 10373, 0, 0, 0, 1, 1, 1, 1, 'Imbued Plate Leggings'),
(@refId+9, 10376, 0, 0, 0, 1, 1, 1, 1, 'Commander\'s Boots'),
(@refId+9, 10378, 0, 0, 0, 1, 1, 1, 1, 'Commander\'s Armor'),
(@refId+9, 10379, 0, 0, 0, 1, 1, 1, 1, 'Commander\'s Helm'),
(@refId+9, 10380, 0, 0, 0, 1, 1, 1, 1, 'Commander\'s Gauntlets'),
(@refId+9, 10382, 0, 0, 0, 1, 1, 1, 1, 'Commander\'s Leggings'),
(@refId+9, 10383, 0, 0, 0, 1, 1, 1, 1, 'Commander\'s Pauldrons'),
(@refId+9, 10385, 0, 0, 0, 1, 1, 1, 1, 'Hyperion Greaves'),
(@refId+9, 10386, 0, 0, 0, 1, 1, 1, 1, 'Hyperion Gauntlets'),
(@refId+9, 10387, 0, 0, 0, 1, 1, 1, 1, 'Hyperion Girdle'),
(@refId+9, 10388, 0, 0, 0, 1, 1, 1, 1, 'Hyperion Helm'),
(@refId+9, 10389, 0, 0, 0, 1, 1, 1, 1, 'Hyperion Legplates'),
(@refId+9, 10390, 0, 0, 0, 1, 1, 1, 1, 'Hyperion Pauldrons'),
(@refId+9, 10391, 0, 0, 0, 1, 1, 1, 1, 'Hyperion Vambraces'),
(@refId+9, 11979, 0, 0, 0, 1, 1, 1, 1, 'Peridot Circle'),
(@refId+9, 11980, 0, 0, 0, 1, 1, 1, 1, 'Opal Ring'),
(@refId+9, 11992, 0, 0, 0, 1, 1, 1, 1, 'Vermilion Band'),
(@refId+9, 12005, 0, 0, 0, 1, 1, 1, 1, 'Granite Ring'),
(@refId+9, 12016, 0, 0, 0, 1, 1, 1, 1, 'Jungle Ring'),
(@refId+9, 12027, 0, 0, 0, 1, 1, 1, 1, 'Vermilion Necklace'),
(@refId+9, 12036, 0, 0, 0, 1, 1, 1, 1, 'Granite Necklace'),
(@refId+9, 12046, 0, 0, 0, 1, 1, 1, 1, 'Jungle Necklace'),
(@refId+9, 12057, 0, 0, 0, 1, 1, 1, 1, 'Dragonscale Band'),
(@refId+9, 12058, 0, 0, 0, 1, 1, 1, 1, 'Demonic Bone Ring'),
(@refId+9, 14303, 0, 0, 0, 1, 1, 1, 1, 'Bonecaster\'s Shroud'),
(@refId+9, 14306, 0, 0, 0, 1, 1, 1, 1, 'Bonecaster\'s Vest'),
(@refId+9, 14308, 0, 0, 0, 1, 1, 1, 1, 'Celestial Tunic'),
(@refId+9, 14312, 0, 0, 0, 1, 1, 1, 1, 'Celestial Crown'),
(@refId+9, 14317, 0, 0, 0, 1, 1, 1, 1, 'Celestial Silk Robes'),
(@refId+9, 14318, 0, 0, 0, 1, 1, 1, 1, 'Resplendent Tunic'),
(@refId+9, 14322, 0, 0, 0, 1, 1, 1, 1, 'Resplendent Circlet'),
(@refId+9, 14323, 0, 0, 0, 1, 1, 1, 1, 'Resplendent Gauntlets'),
(@refId+9, 14324, 0, 0, 0, 1, 1, 1, 1, 'Resplendent Sarong'),
(@refId+9, 14325, 0, 0, 0, 1, 1, 1, 1, 'Resplendent Epaulets'),
(@refId+9, 14326, 0, 0, 0, 1, 1, 1, 1, 'Resplendent Robes'),
(@refId+9, 14329, 0, 0, 0, 1, 1, 1, 1, 'Eternal Boots'),
(@refId+9, 14330, 0, 0, 0, 1, 1, 1, 1, 'Eternal Bindings'),
(@refId+9, 14332, 0, 0, 0, 1, 1, 1, 1, 'Eternal Crown'),
(@refId+9, 14333, 0, 0, 0, 1, 1, 1, 1, 'Eternal Gloves'),
(@refId+9, 14334, 0, 0, 0, 1, 1, 1, 1, 'Eternal Sarong'),
(@refId+9, 14335, 0, 0, 0, 1, 1, 1, 1, 'Eternal Spaulders'),
(@refId+9, 14337, 0, 0, 0, 1, 1, 1, 1, 'Eternal Cord'),
(@refId+9, 14456, 0, 0, 0, 1, 1, 1, 1, 'Elunarian Vest'),
(@refId+9, 14458, 0, 0, 0, 1, 1, 1, 1, 'Elunarian Boots'),
(@refId+9, 14460, 0, 0, 0, 1, 1, 1, 1, 'Elunarian Diadem'),
(@refId+9, 14461, 0, 0, 0, 1, 1, 1, 1, 'Elunarian Handgrips'),
(@refId+9, 14462, 0, 0, 0, 1, 1, 1, 1, 'Elunarian Sarong'),
(@refId+9, 14463, 0, 0, 0, 1, 1, 1, 1, 'Elunarian Spaulders'),
(@refId+9, 14464, 0, 0, 0, 1, 1, 1, 1, 'Elunarian Silk Robes'),
(@refId+9, 14465, 0, 0, 0, 1, 1, 1, 1, 'Elunarian Belt'),
(@refId+9, 14680, 0, 0, 0, 1, 1, 1, 1, 'Indomitable Vest'),
(@refId+9, 14681, 0, 0, 0, 1, 1, 1, 1, 'Indomitable Boots'),
(@refId+9, 14684, 0, 0, 0, 1, 1, 1, 1, 'Indomitable Belt'),
(@refId+9, 14685, 0, 0, 0, 1, 1, 1, 1, 'Indomitable Gauntlets'),
(@refId+9, 14686, 0, 0, 0, 1, 1, 1, 1, 'Indomitable Headdress'),
(@refId+9, 14687, 0, 0, 0, 1, 1, 1, 1, 'Indomitable Leggings'),
(@refId+9, 14688, 0, 0, 0, 1, 1, 1, 1, 'Indomitable Epaulets'),
(@refId+9, 14809, 0, 0, 0, 1, 1, 1, 1, 'Warstrike Sabatons'),
(@refId+9, 14811, 0, 0, 0, 1, 1, 1, 1, 'Warstrike Chestguard'),
(@refId+9, 14812, 0, 0, 0, 1, 1, 1, 1, 'Warstrike Buckler'),
(@refId+9, 14814, 0, 0, 0, 1, 1, 1, 1, 'Warstrike Helmet'),
(@refId+9, 14815, 0, 0, 0, 1, 1, 1, 1, 'Warstrike Gauntlets'),
(@refId+9, 14816, 0, 0, 0, 1, 1, 1, 1, 'Warstrike Legguards'),
(@refId+9, 14817, 0, 0, 0, 1, 1, 1, 1, 'Warstrike Shoulder Pads'),
(@refId+9, 14862, 0, 0, 0, 1, 1, 1, 1, 'Warleader\'s Breastplate'),
(@refId+9, 14863, 0, 0, 0, 1, 1, 1, 1, 'Warleader\'s Gauntlets'),
(@refId+9, 14865, 0, 0, 0, 1, 1, 1, 1, 'Warleader\'s Greaves'),
(@refId+9, 14866, 0, 0, 0, 1, 1, 1, 1, 'Warleader\'s Crown'),
(@refId+9, 14867, 0, 0, 0, 1, 1, 1, 1, 'Warleader\'s Leggings'),
(@refId+9, 14868, 0, 0, 0, 1, 1, 1, 1, 'Warleader\'s Shoulders'),
(@refId+9, 14931, 0, 0, 0, 1, 1, 1, 1, 'Heroic Armor'),
(@refId+9, 14935, 0, 0, 0, 1, 1, 1, 1, 'Heroic Skullcap'),
(@refId+9, 14936, 0, 0, 0, 1, 1, 1, 1, 'Heroic Legplates'),
(@refId+9, 14966, 0, 0, 0, 1, 1, 1, 1, 'Glorious Breastplate'),
(@refId+9, 14973, 0, 0, 0, 1, 1, 1, 1, 'Glorious Shield'),
(@refId+9, 14976, 0, 0, 0, 1, 1, 1, 1, 'Exalted Gauntlets'),
(@refId+9, 14977, 0, 0, 0, 1, 1, 1, 1, 'Exalted Girdle'),
(@refId+9, 14978, 0, 0, 0, 1, 1, 1, 1, 'Exalted Sabatons'),
(@refId+9, 14979, 0, 0, 0, 1, 1, 1, 1, 'Exalted Helmet'),
(@refId+9, 14980, 0, 0, 0, 1, 1, 1, 1, 'Exalted Legplates'),
(@refId+9, 14981, 0, 0, 0, 1, 1, 1, 1, 'Exalted Epaulets'),
(@refId+9, 15189, 0, 0, 0, 1, 1, 1, 1, 'Grand Boots'),
(@refId+9, 15192, 0, 0, 0, 1, 1, 1, 1, 'Grand Gauntlets'),
(@refId+9, 15193, 0, 0, 0, 1, 1, 1, 1, 'Grand Crown'),
(@refId+9, 15194, 0, 0, 0, 1, 1, 1, 1, 'Grand Legguards'),
(@refId+9, 15195, 0, 0, 0, 1, 1, 1, 1, 'Grand Breastplate'),
(@refId+9, 15220, 0, 0, 0, 1, 1, 1, 1, 'Battlefell Sabre'),
(@refId+9, 15239, 0, 0, 0, 1, 1, 1, 1, 'Felstone Reaver'),
(@refId+9, 15240, 0, 0, 0, 1, 1, 1, 1, 'Demon\'s Claw'),
(@refId+9, 15246, 0, 0, 0, 1, 1, 1, 1, 'Demon Blade'),
(@refId+9, 15247, 0, 0, 0, 1, 1, 1, 1, 'Bloodstrike Dagger'),
(@refId+9, 15257, 0, 0, 0, 1, 1, 1, 1, 'Shin Blade'),
(@refId+9, 15266, 0, 0, 0, 1, 1, 1, 1, 'Fierce Mauler'),
(@refId+9, 15267, 0, 0, 0, 1, 1, 1, 1, 'Brutehammer'),
(@refId+9, 15273, 0, 0, 0, 1, 1, 1, 1, 'Death Striker'),
(@refId+9, 15278, 0, 0, 0, 1, 1, 1, 1, 'Solstice Staff'),
(@refId+9, 15282, 0, 0, 0, 1, 1, 1, 1, 'Dragon Finger'),
(@refId+9, 15283, 0, 0, 0, 1, 1, 1, 1, 'Lunar Wand'),
(@refId+9, 15288, 0, 0, 0, 1, 1, 1, 1, 'Blasthorn Bow'),
(@refId+9, 15296, 0, 0, 0, 1, 1, 1, 1, 'Hawkeye Bow'),
(@refId+9, 15325, 0, 0, 0, 1, 1, 1, 1, 'Sharpshooter Harquebus'),
(@refId+9, 15430, 0, 0, 0, 1, 1, 1, 1, 'Peerless Headband'),
(@refId+9, 15433, 0, 0, 0, 1, 1, 1, 1, 'Peerless Armor'),
(@refId+9, 15434, 0, 0, 0, 1, 1, 1, 1, 'Supreme Sash'),
(@refId+9, 15435, 0, 0, 0, 1, 1, 1, 1, 'Supreme Shoes'),
(@refId+9, 15436, 0, 0, 0, 1, 1, 1, 1, 'Supreme Bracers'),
(@refId+9, 15437, 0, 0, 0, 1, 1, 1, 1, 'Supreme Cape'),
(@refId+9, 15438, 0, 0, 0, 1, 1, 1, 1, 'Supreme Gloves'),
(@refId+9, 15439, 0, 0, 0, 1, 1, 1, 1, 'Supreme Crown'),
(@refId+9, 15440, 0, 0, 0, 1, 1, 1, 1, 'Supreme Leggings'),
(@refId+9, 15441, 0, 0, 0, 1, 1, 1, 1, 'Supreme Shoulders'),
(@refId+9, 15660, 0, 0, 0, 1, 1, 1, 1, 'Impenetrable Breastplate'),
(@refId+9, 15664, 0, 0, 0, 1, 1, 1, 1, 'Impenetrable Helmet'),
(@refId+9, 15665, 0, 0, 0, 1, 1, 1, 1, 'Impenetrable Legguards'),
(@refId+9, 15667, 0, 0, 0, 1, 1, 1, 1, 'Impenetrable Wall'),
(@refId+9, 15669, 0, 0, 0, 1, 1, 1, 1, 'Magnificent Breastplate'),
(@refId+9, 15670, 0, 0, 0, 1, 1, 1, 1, 'Magnificent Helmet'),
(@refId+9, 15672, 0, 0, 0, 1, 1, 1, 1, 'Magnificent Gauntlets'),
(@refId+9, 15674, 0, 0, 0, 1, 1, 1, 1, 'Magnificent Greaves'),
(@refId+9, 15675, 0, 0, 0, 1, 1, 1, 1, 'Magnificent Guard'),
(@refId+9, 15676, 0, 0, 0, 1, 1, 1, 1, 'Magnificent Leggings'),
(@refId+9, 15677, 0, 0, 0, 1, 1, 1, 1, 'Magnificent Shoulders'),
(@refId+9, 15678, 0, 0, 0, 1, 1, 1, 1, 'Triumphant Sabatons'),
(@refId+9, 15679, 0, 0, 0, 1, 1, 1, 1, 'Triumphant Bracers'),
(@refId+9, 15682, 0, 0, 0, 1, 1, 1, 1, 'Triumphant Gauntlets'),
(@refId+9, 15683, 0, 0, 0, 1, 1, 1, 1, 'Triumphant Girdle'),
(@refId+9, 15684, 0, 0, 0, 1, 1, 1, 1, 'Triumphant Skullcap'),
(@refId+9, 15685, 0, 0, 0, 1, 1, 1, 1, 'Triumphant Legplates'),
(@refId+9, 15686, 0, 0, 0, 1, 1, 1, 1, 'Triumphant Shoulder Pads'),
(@refId+9, 15887, 0, 0, 0, 1, 1, 1, 1, 'Heroic Guard'),
(@refId+9, 15931, 0, 0, 0, 1, 1, 1, 1, 'Arcane Star'),
(@refId+9, 15940, 0, 0, 0, 1, 1, 1, 1, 'Elegant Scepter'),
(@refId+9, 15941, 0, 0, 0, 1, 1, 1, 1, 'High Councillor\'s Scepter'),
(@refId+9, 15943, 0, 0, 0, 1, 1, 1, 1, 'Imbued Shield'),
(@refId+9, 15986, 0, 0, 0, 1, 1, 1, 1, 'Bonecaster\'s Star'),
(@refId+9, 15987, 0, 0, 0, 1, 1, 1, 1, 'Astral Orb'),
(@refId+9, 15988, 0, 0, 0, 1, 1, 1, 1, 'Resplendent Orb'),
(@refId+9, 15991, 0, 0, 0, 1, 1, 1, 1, 'Warleader\'s Shield'),
-- 60284
(@refId+10, 5267, 0, 0, 0, 1, 1, 1, 1, 'Scarlet Kris'),
(@refId+10, 6622, 0, 0, 0, 1, 1, 1, 1, 'Sword of Zeal'),
(@refId+10, 9402, 0, 0, 0, 1, 1, 1, 1, 'Earthborn Kilt'),
(@refId+10, 13000, 0, 0, 0, 1, 1, 1, 1, 'Staff of Hale Magefire'),
(@refId+10, 13001, 0, 0, 0, 1, 1, 1, 1, 'Maiden\'s Circle'),
(@refId+10, 13002, 0, 0, 0, 1, 1, 1, 1, 'Lady Alizabeth\'s Pendant'),
(@refId+10, 13006, 0, 0, 0, 1, 1, 1, 1, 'Mass of McGowan'),
(@refId+10, 13015, 0, 0, 0, 1, 1, 1, 1, 'Serathil'),
(@refId+10, 13023, 0, 0, 0, 1, 1, 1, 1, 'Eaglehorn Long Bow'),
(@refId+10, 13028, 0, 0, 0, 1, 1, 1, 1, 'Bludstone Hammer'),
(@refId+10, 13044, 0, 0, 0, 1, 1, 1, 1, 'Demonslayer'),
(@refId+10, 13053, 0, 0, 0, 1, 1, 1, 1, 'Doombringer'),
(@refId+10, 13060, 0, 0, 0, 1, 1, 1, 1, 'The Needler'),
(@refId+10, 13072, 0, 0, 0, 1, 1, 1, 1, 'Stonegrip Gauntlets'),
(@refId+10, 13075, 0, 0, 0, 1, 1, 1, 1, 'Direwing Legguards'),
(@refId+10, 13083, 0, 0, 0, 1, 1, 1, 1, 'Garrett Family Crest'),
(@refId+10, 13096, 0, 0, 0, 1, 1, 1, 1, 'Band of the Hierophant'),
(@refId+10, 13101, 0, 0, 0, 1, 1, 1, 1, 'Wolfrunner Shoes'),
(@refId+10, 13107, 0, 0, 0, 1, 1, 1, 1, 'Magiskull Cuffs'),
(@refId+10, 13113, 0, 0, 0, 1, 1, 1, 1, 'Feathermoon Headdress'),
(@refId+10, 13116, 0, 0, 0, 1, 1, 1, 1, 'Spaulders of the Unseen'),
(@refId+10, 13123, 0, 0, 0, 1, 1, 1, 1, 'Dreamwalker Armor'),
(@refId+10, 13133, 0, 0, 0, 1, 1, 1, 1, 'Drakesfire Epaulets'),
(@refId+10, 13146, 0, 0, 0, 1, 1, 1, 1, 'Shell Launcher Shotgun'),
(@refId+10, 23197, 0, 0, 0, 1, 1, 1, 1, 'Idol of the Moon'),
(@refId+10, 23198, 0, 0, 0, 1, 1, 1, 1, 'Idol of Brutality'),
(@refId+10, 23199, 0, 0, 0, 1, 1, 1, 1, 'Totem of the Storm'),
(@refId+10, 23203, 0, 0, 0, 1, 1, 1, 1, 'Libram of Fervor'),
-- 60298
(@refId+11, 8283, 0, 0, 0, 1, 1, 1, 1, 'Arcane Armor'),
(@refId+11, 8290, 0, 0, 0, 1, 1, 1, 1, 'Arcane Robe'),
(@refId+11, 8296, 0, 0, 0, 1, 1, 1, 1, 'Traveler\'s Jerkin'),
(@refId+11, 8303, 0, 0, 0, 1, 1, 1, 1, 'Hero\'s Breastplate'),
(@refId+11, 8309, 0, 0, 0, 1, 1, 1, 1, 'Hero\'s Leggings'),
(@refId+11, 8313, 0, 0, 0, 1, 1, 1, 1, 'Hero\'s Buckler'),
(@refId+11, 10135, 0, 0, 0, 1, 1, 1, 1, 'High Councillor\'s Tunic'),
(@refId+11, 10137, 0, 0, 0, 1, 1, 1, 1, 'High Councillor\'s Boots'),
(@refId+11, 10139, 0, 0, 0, 1, 1, 1, 1, 'High Councillor\'s Circlet'),
(@refId+11, 10140, 0, 0, 0, 1, 1, 1, 1, 'High Councillor\'s Gloves'),
(@refId+11, 10141, 0, 0, 0, 1, 1, 1, 1, 'High Councillor\'s Pants'),
(@refId+11, 10142, 0, 0, 0, 1, 1, 1, 1, 'High Councillor\'s Mantle'),
(@refId+11, 10143, 0, 0, 0, 1, 1, 1, 1, 'High Councillor\'s Robe'),
(@refId+11, 10146, 0, 0, 0, 1, 1, 1, 1, 'Mighty Boots'),
(@refId+11, 10149, 0, 0, 0, 1, 1, 1, 1, 'Mighty Gauntlets'),
(@refId+11, 10150, 0, 0, 0, 1, 1, 1, 1, 'Mighty Helmet'),
(@refId+11, 10151, 0, 0, 0, 1, 1, 1, 1, 'Mighty Tunic'),
(@refId+11, 10152, 0, 0, 0, 1, 1, 1, 1, 'Mighty Leggings'),
(@refId+11, 10153, 0, 0, 0, 1, 1, 1, 1, 'Mighty Spaulders'),
(@refId+11, 10154, 0, 0, 0, 1, 1, 1, 1, 'Mercurial Girdle'),
(@refId+11, 10155, 0, 0, 0, 1, 1, 1, 1, 'Mercurial Greaves'),
(@refId+11, 10157, 0, 0, 0, 1, 1, 1, 1, 'Mercurial Breastplate'),
(@refId+11, 10158, 0, 0, 0, 1, 1, 1, 1, 'Mercurial Guard'),
(@refId+11, 10160, 0, 0, 0, 1, 1, 1, 1, 'Mercurial Circlet'),
(@refId+11, 10161, 0, 0, 0, 1, 1, 1, 1, 'Mercurial Gauntlets'),
(@refId+11, 10162, 0, 0, 0, 1, 1, 1, 1, 'Mercurial Legguards'),
(@refId+11, 10163, 0, 0, 0, 1, 1, 1, 1, 'Mercurial Pauldrons'),
(@refId+11, 10215, 0, 0, 0, 1, 1, 1, 1, 'Elegant Robes'),
(@refId+11, 10217, 0, 0, 0, 1, 1, 1, 1, 'Elegant Leggings'),
(@refId+11, 10218, 0, 0, 0, 1, 1, 1, 1, 'Elegant Tunic'),
(@refId+11, 10220, 0, 0, 0, 1, 1, 1, 1, 'Nightshade Tunic'),
(@refId+11, 10226, 0, 0, 0, 1, 1, 1, 1, 'Nightshade Helmet'),
(@refId+11, 10227, 0, 0, 0, 1, 1, 1, 1, 'Nightshade Leggings'),
(@refId+11, 10246, 0, 0, 0, 1, 1, 1, 1, 'Master\'s Vest'),
(@refId+11, 10247, 0, 0, 0, 1, 1, 1, 1, 'Master\'s Boots'),
(@refId+11, 10248, 0, 0, 0, 1, 1, 1, 1, 'Master\'s Bracers'),
(@refId+11, 10249, 0, 0, 0, 1, 1, 1, 1, 'Master\'s Cloak'),
(@refId+11, 10250, 0, 0, 0, 1, 1, 1, 1, 'Master\'s Hat'),
(@refId+11, 10251, 0, 0, 0, 1, 1, 1, 1, 'Master\'s Gloves'),
(@refId+11, 10252, 0, 0, 0, 1, 1, 1, 1, 'Master\'s Leggings'),
(@refId+11, 10253, 0, 0, 0, 1, 1, 1, 1, 'Master\'s Mantle'),
(@refId+11, 10254, 0, 0, 0, 1, 1, 1, 1, 'Master\'s Robe'),
(@refId+11, 10255, 0, 0, 0, 1, 1, 1, 1, 'Master\'s Belt'),
(@refId+11, 10256, 0, 0, 0, 1, 1, 1, 1, 'Adventurer\'s Bracers'),
(@refId+11, 10257, 0, 0, 0, 1, 1, 1, 1, 'Adventurer\'s Boots'),
(@refId+11, 10259, 0, 0, 0, 1, 1, 1, 1, 'Adventurer\'s Belt'),
(@refId+11, 10260, 0, 0, 0, 1, 1, 1, 1, 'Adventurer\'s Gloves'),
(@refId+11, 10261, 0, 0, 0, 1, 1, 1, 1, 'Adventurer\'s Bandana'),
(@refId+11, 10262, 0, 0, 0, 1, 1, 1, 1, 'Adventurer\'s Legguards'),
(@refId+11, 10263, 0, 0, 0, 1, 1, 1, 1, 'Adventurer\'s Shoulders'),
(@refId+11, 10264, 0, 0, 0, 1, 1, 1, 1, 'Adventurer\'s Tunic'),
(@refId+11, 10265, 0, 0, 0, 1, 1, 1, 1, 'Masterwork Bracers'),
(@refId+11, 10266, 0, 0, 0, 1, 1, 1, 1, 'Masterwork Breastplate'),
(@refId+11, 10267, 0, 0, 0, 1, 1, 1, 1, 'Masterwork Cape'),
(@refId+11, 10268, 0, 0, 0, 1, 1, 1, 1, 'Masterwork Gauntlets'),
(@refId+11, 10269, 0, 0, 0, 1, 1, 1, 1, 'Masterwork Girdle'),
(@refId+11, 10270, 0, 0, 0, 1, 1, 1, 1, 'Masterwork Boots'),
(@refId+11, 10271, 0, 0, 0, 1, 1, 1, 1, 'Masterwork Shield'),
(@refId+11, 10272, 0, 0, 0, 1, 1, 1, 1, 'Masterwork Circlet'),
(@refId+11, 10273, 0, 0, 0, 1, 1, 1, 1, 'Masterwork Legplates'),
(@refId+11, 10274, 0, 0, 0, 1, 1, 1, 1, 'Masterwork Pauldrons'),
(@refId+11, 10366, 0, 0, 0, 1, 1, 1, 1, 'Demon Guard'),
(@refId+11, 10367, 0, 0, 0, 1, 1, 1, 1, 'Hyperion Shield'),
(@refId+11, 10368, 0, 0, 0, 1, 1, 1, 1, 'Imbued Plate Armor'),
(@refId+11, 10373, 0, 0, 0, 1, 1, 1, 1, 'Imbued Plate Leggings'),
(@refId+11, 10378, 0, 0, 0, 1, 1, 1, 1, 'Commander\'s Armor'),
(@refId+11, 10379, 0, 0, 0, 1, 1, 1, 1, 'Commander\'s Helm'),
(@refId+11, 10382, 0, 0, 0, 1, 1, 1, 1, 'Commander\'s Leggings'),
(@refId+11, 10383, 0, 0, 0, 1, 1, 1, 1, 'Commander\'s Pauldrons'),
(@refId+11, 10384, 0, 0, 0, 1, 1, 1, 1, 'Hyperion Armor'),
(@refId+11, 10385, 0, 0, 0, 1, 1, 1, 1, 'Hyperion Greaves'),
(@refId+11, 10386, 0, 0, 0, 1, 1, 1, 1, 'Hyperion Gauntlets'),
(@refId+11, 10387, 0, 0, 0, 1, 1, 1, 1, 'Hyperion Girdle'),
(@refId+11, 10388, 0, 0, 0, 1, 1, 1, 1, 'Hyperion Helm'),
(@refId+11, 10389, 0, 0, 0, 1, 1, 1, 1, 'Hyperion Legplates'),
(@refId+11, 10390, 0, 0, 0, 1, 1, 1, 1, 'Hyperion Pauldrons'),
(@refId+11, 11979, 0, 0, 0, 1, 1, 1, 1, 'Peridot Circle'),
(@refId+11, 11980, 0, 0, 0, 1, 1, 1, 1, 'Opal Ring'),
(@refId+11, 11992, 0, 0, 0, 1, 1, 1, 1, 'Vermilion Band'),
(@refId+11, 12005, 0, 0, 0, 1, 1, 1, 1, 'Granite Ring'),
(@refId+11, 12016, 0, 0, 0, 1, 1, 1, 1, 'Jungle Ring'),
(@refId+11, 12017, 0, 0, 0, 1, 1, 1, 1, 'Prismatic Band'),
(@refId+11, 12027, 0, 0, 0, 1, 1, 1, 1, 'Vermilion Necklace'),
(@refId+11, 12036, 0, 0, 0, 1, 1, 1, 1, 'Granite Necklace'),
(@refId+11, 12048, 0, 0, 0, 1, 1, 1, 1, 'Prismatic Pendant'),
(@refId+11, 12058, 0, 0, 0, 1, 1, 1, 1, 'Demonic Bone Ring'),
(@refId+11, 14308, 0, 0, 0, 1, 1, 1, 1, 'Celestial Tunic'),
(@refId+11, 14312, 0, 0, 0, 1, 1, 1, 1, 'Celestial Crown'),
(@refId+11, 14317, 0, 0, 0, 1, 1, 1, 1, 'Celestial Silk Robes'),
(@refId+11, 14318, 0, 0, 0, 1, 1, 1, 1, 'Resplendent Tunic'),
(@refId+11, 14322, 0, 0, 0, 1, 1, 1, 1, 'Resplendent Circlet'),
(@refId+11, 14325, 0, 0, 0, 1, 1, 1, 1, 'Resplendent Epaulets'),
(@refId+11, 14326, 0, 0, 0, 1, 1, 1, 1, 'Resplendent Robes'),
(@refId+11, 14328, 0, 0, 0, 1, 1, 1, 1, 'Eternal Chestguard'),
(@refId+11, 14329, 0, 0, 0, 1, 1, 1, 1, 'Eternal Boots'),
(@refId+11, 14330, 0, 0, 0, 1, 1, 1, 1, 'Eternal Bindings'),
(@refId+11, 14332, 0, 0, 0, 1, 1, 1, 1, 'Eternal Crown'),
(@refId+11, 14333, 0, 0, 0, 1, 1, 1, 1, 'Eternal Gloves'),
(@refId+11, 14334, 0, 0, 0, 1, 1, 1, 1, 'Eternal Sarong'),
(@refId+11, 14335, 0, 0, 0, 1, 1, 1, 1, 'Eternal Spaulders'),
(@refId+11, 14336, 0, 0, 0, 1, 1, 1, 1, 'Eternal Wraps'),
(@refId+11, 14337, 0, 0, 0, 1, 1, 1, 1, 'Eternal Cord'),
(@refId+11, 14456, 0, 0, 0, 1, 1, 1, 1, 'Elunarian Vest'),
(@refId+11, 14460, 0, 0, 0, 1, 1, 1, 1, 'Elunarian Diadem'),
(@refId+11, 14461, 0, 0, 0, 1, 1, 1, 1, 'Elunarian Handgrips'),
(@refId+11, 14462, 0, 0, 0, 1, 1, 1, 1, 'Elunarian Sarong'),
(@refId+11, 14463, 0, 0, 0, 1, 1, 1, 1, 'Elunarian Spaulders'),
(@refId+11, 14464, 0, 0, 0, 1, 1, 1, 1, 'Elunarian Silk Robes'),
(@refId+11, 14680, 0, 0, 0, 1, 1, 1, 1, 'Indomitable Vest'),
(@refId+11, 14681, 0, 0, 0, 1, 1, 1, 1, 'Indomitable Boots'),
(@refId+11, 14685, 0, 0, 0, 1, 1, 1, 1, 'Indomitable Gauntlets'),
(@refId+11, 14686, 0, 0, 0, 1, 1, 1, 1, 'Indomitable Headdress'),
(@refId+11, 14687, 0, 0, 0, 1, 1, 1, 1, 'Indomitable Leggings'),
(@refId+11, 14688, 0, 0, 0, 1, 1, 1, 1, 'Indomitable Epaulets'),
(@refId+11, 14809, 0, 0, 0, 1, 1, 1, 1, 'Warstrike Sabatons'),
(@refId+11, 14811, 0, 0, 0, 1, 1, 1, 1, 'Warstrike Chestguard'),
(@refId+11, 14812, 0, 0, 0, 1, 1, 1, 1, 'Warstrike Buckler'),
(@refId+11, 14814, 0, 0, 0, 1, 1, 1, 1, 'Warstrike Helmet'),
(@refId+11, 14815, 0, 0, 0, 1, 1, 1, 1, 'Warstrike Gauntlets'),
(@refId+11, 14816, 0, 0, 0, 1, 1, 1, 1, 'Warstrike Legguards'),
(@refId+11, 14817, 0, 0, 0, 1, 1, 1, 1, 'Warstrike Shoulder Pads'),
(@refId+11, 14862, 0, 0, 0, 1, 1, 1, 1, 'Warleader\'s Breastplate'),
(@refId+11, 14866, 0, 0, 0, 1, 1, 1, 1, 'Warleader\'s Crown'),
(@refId+11, 14867, 0, 0, 0, 1, 1, 1, 1, 'Warleader\'s Leggings'),
(@refId+11, 14868, 0, 0, 0, 1, 1, 1, 1, 'Warleader\'s Shoulders'),
(@refId+11, 14931, 0, 0, 0, 1, 1, 1, 1, 'Heroic Armor'),
(@refId+11, 14936, 0, 0, 0, 1, 1, 1, 1, 'Heroic Legplates'),
(@refId+11, 14966, 0, 0, 0, 1, 1, 1, 1, 'Glorious Breastplate'),
(@refId+11, 14975, 0, 0, 0, 1, 1, 1, 1, 'Exalted Harness'),
(@refId+11, 14976, 0, 0, 0, 1, 1, 1, 1, 'Exalted Gauntlets'),
(@refId+11, 14978, 0, 0, 0, 1, 1, 1, 1, 'Exalted Sabatons'),
(@refId+11, 14979, 0, 0, 0, 1, 1, 1, 1, 'Exalted Helmet'),
(@refId+11, 14980, 0, 0, 0, 1, 1, 1, 1, 'Exalted Legplates'),
(@refId+11, 14981, 0, 0, 0, 1, 1, 1, 1, 'Exalted Epaulets'),
(@refId+11, 14982, 0, 0, 0, 1, 1, 1, 1, 'Exalted Shield'),
(@refId+11, 15193, 0, 0, 0, 1, 1, 1, 1, 'Grand Crown'),
(@refId+11, 15194, 0, 0, 0, 1, 1, 1, 1, 'Grand Legguards'),
(@refId+11, 15195, 0, 0, 0, 1, 1, 1, 1, 'Grand Breastplate'),
(@refId+11, 15220, 0, 0, 0, 1, 1, 1, 1, 'Battlefell Sabre'),
(@refId+11, 15221, 0, 0, 0, 1, 1, 1, 1, 'Holy War Sword'),
(@refId+11, 15239, 0, 0, 0, 1, 1, 1, 1, 'Felstone Reaver'),
(@refId+11, 15240, 0, 0, 0, 1, 1, 1, 1, 'Demon\'s Claw'),
(@refId+11, 15246, 0, 0, 0, 1, 1, 1, 1, 'Demon Blade'),
(@refId+11, 15247, 0, 0, 0, 1, 1, 1, 1, 'Bloodstrike Dagger'),
(@refId+11, 15257, 0, 0, 0, 1, 1, 1, 1, 'Shin Blade'),
(@refId+11, 15258, 0, 0, 0, 1, 1, 1, 1, 'Divine Warblade'),
(@refId+11, 15266, 0, 0, 0, 1, 1, 1, 1, 'Fierce Mauler'),
(@refId+11, 15267, 0, 0, 0, 1, 1, 1, 1, 'Brutehammer'),
(@refId+11, 15273, 0, 0, 0, 1, 1, 1, 1, 'Death Striker'),
(@refId+11, 15283, 0, 0, 0, 1, 1, 1, 1, 'Lunar Wand'),
(@refId+11, 15288, 0, 0, 0, 1, 1, 1, 1, 'Blasthorn Bow'),
(@refId+11, 15289, 0, 0, 0, 1, 1, 1, 1, 'Archstrike Bow'),
(@refId+11, 15296, 0, 0, 0, 1, 1, 1, 1, 'Hawkeye Bow'),
(@refId+11, 15433, 0, 0, 0, 1, 1, 1, 1, 'Peerless Armor'),
(@refId+11, 15434, 0, 0, 0, 1, 1, 1, 1, 'Supreme Sash'),
(@refId+11, 15435, 0, 0, 0, 1, 1, 1, 1, 'Supreme Shoes'),
(@refId+11, 15437, 0, 0, 0, 1, 1, 1, 1, 'Supreme Cape'),
(@refId+11, 15438, 0, 0, 0, 1, 1, 1, 1, 'Supreme Gloves'),
(@refId+11, 15439, 0, 0, 0, 1, 1, 1, 1, 'Supreme Crown'),
(@refId+11, 15440, 0, 0, 0, 1, 1, 1, 1, 'Supreme Leggings'),
(@refId+11, 15441, 0, 0, 0, 1, 1, 1, 1, 'Supreme Shoulders'),
(@refId+11, 15442, 0, 0, 0, 1, 1, 1, 1, 'Supreme Breastplate'),
(@refId+11, 15660, 0, 0, 0, 1, 1, 1, 1, 'Impenetrable Breastplate'),
(@refId+11, 15667, 0, 0, 0, 1, 1, 1, 1, 'Impenetrable Wall'),
(@refId+11, 15669, 0, 0, 0, 1, 1, 1, 1, 'Magnificent Breastplate'),
(@refId+11, 15670, 0, 0, 0, 1, 1, 1, 1, 'Magnificent Helmet'),
(@refId+11, 15675, 0, 0, 0, 1, 1, 1, 1, 'Magnificent Guard'),
(@refId+11, 15676, 0, 0, 0, 1, 1, 1, 1, 'Magnificent Leggings'),
(@refId+11, 15677, 0, 0, 0, 1, 1, 1, 1, 'Magnificent Shoulders'),
(@refId+11, 15678, 0, 0, 0, 1, 1, 1, 1, 'Triumphant Sabatons'),
(@refId+11, 15679, 0, 0, 0, 1, 1, 1, 1, 'Triumphant Bracers'),
(@refId+11, 15680, 0, 0, 0, 1, 1, 1, 1, 'Triumphant Chestpiece'),
(@refId+11, 15682, 0, 0, 0, 1, 1, 1, 1, 'Triumphant Gauntlets'),
(@refId+11, 15684, 0, 0, 0, 1, 1, 1, 1, 'Triumphant Skullcap'),
(@refId+11, 15685, 0, 0, 0, 1, 1, 1, 1, 'Triumphant Legplates'),
(@refId+11, 15686, 0, 0, 0, 1, 1, 1, 1, 'Triumphant Shoulder Pads'),
(@refId+11, 15687, 0, 0, 0, 1, 1, 1, 1, 'Triumphant Shield'),
(@refId+11, 15887, 0, 0, 0, 1, 1, 1, 1, 'Heroic Guard'),
(@refId+11, 15931, 0, 0, 0, 1, 1, 1, 1, 'Arcane Star'),
(@refId+11, 15940, 0, 0, 0, 1, 1, 1, 1, 'Elegant Scepter'),
(@refId+11, 15941, 0, 0, 0, 1, 1, 1, 1, 'High Councillor\'s Scepter'),
(@refId+11, 15942, 0, 0, 0, 1, 1, 1, 1, 'Master\'s Rod'),
(@refId+11, 15943, 0, 0, 0, 1, 1, 1, 1, 'Imbued Shield'),
(@refId+11, 15987, 0, 0, 0, 1, 1, 1, 1, 'Astral Orb'),
(@refId+11, 15988, 0, 0, 0, 1, 1, 1, 1, 'Resplendent Orb'),
(@refId+11, 15989, 0, 0, 0, 1, 1, 1, 1, 'Eternal Rod'),
(@refId+11, 15991, 0, 0, 0, 1, 1, 1, 1, 'Warleader\'s Shield'),
-- 60344
(@refId+12, 944, 0, 0, 0, 1, 1, 1, 1, 'Elemental Mage Staff'),
(@refId+12, 1168, 0, 0, 0, 1, 1, 1, 1, 'Skullflame Shield'),
(@refId+12, 1263, 0, 0, 0, 1, 1, 1, 1, 'Brain Hacker'),
(@refId+12, 1443, 0, 0, 0, 1, 1, 1, 1, 'Jeweled Amulet of Cainwyn'),
(@refId+12, 1728, 0, 0, 0, 1, 1, 1, 1, 'Teebu\'s Blazing Longsword'),
(@refId+12, 2243, 0, 0, 0, 1, 1, 1, 1, 'Hand of Edward the Odd'),
(@refId+12, 2801, 0, 0, 0, 1, 1, 1, 1, 'Blade of Hanna'),
(@refId+12, 3475, 0, 0, 0, 1, 1, 1, 1, 'Cloak of Flames'),
(@refId+12, 14553, 0, 0, 0, 1, 1, 1, 1, 'Sash of Mercy'),
(@refId+12, 14554, 0, 0, 0, 1, 1, 1, 1, 'Cloudkeeper Legplates'),
(@refId+12, 14555, 0, 0, 0, 1, 1, 1, 1, 'Alcor\'s Sunrazor'),
(@refId+12, 14557, 0, 0, 0, 1, 1, 1, 1, 'The Lion Horn of Stormwind'),
(@refId+12, 14558, 0, 0, 0, 1, 1, 1, 1, 'Lady Maye\'s Pendant');

DELETE FROM `smart_scripts` WHERE `entryorguid` IN (16017, 16018);
INSERT INTO `smart_scripts` (`entryorguid`, `source_type`, `id`, `link`, `event_type`, `event_phase_mask`, `event_chance`, `event_flags`, `event_param1`, `event_param2`, `event_param3`, `event_param4`, `event_param5`, `event_param6`, `action_type`, `action_param1`, `action_param2`, `action_param3`, `action_param4`, `action_param5`, `action_param6`, `target_type`, `target_param1`, `target_param2`, `target_param3`, `target_param4`, `target_x`, `target_y`, `target_z`, `target_o`, `comment`) VALUES
-- Patchwork Golem
(16017, 0, 0, 0, 0, 0, 100, 0, 5000, 15000, 10000, 25000, 0, 0, 11, 27758, 0, 0, 0, 0, 0, 1, 0, 0, 0, 0, 0, 0, 0, 0, 'Patchwork Golem - In combat - \'Cast War Stomp\''),
(16017, 0, 2, 0, 0, 0, 100, 0, 10000, 20000, 6000, 18000, 0, 0, 11, 27794, 0, 0, 0, 0, 0, 2, 0, 0, 0, 0, 0, 0, 0, 0, 'Patchwork Golem - In combat - \'Cast Cleave\''),
-- Bile Retcher
(16018, 0, 0, 0, 0, 0, 100, 0, 10000, 10000, 15000, 15000, 0, 0, 11, 27807, 0, 0, 0, 0, 0, 2, 0, 0, 0, 0, 0, 0, 0, 0, 'Bile Retcher - In Combat - Cast \'Bile Vomit\''),
(16018, 0, 1, 0, 0, 0, 100, 0, 15000, 15000, 10000, 10000, 0, 0, 11, 27862, 0, 0, 0, 0, 0, 2, 0, 0, 0, 0, 0, 0, 0, 0, 'Bile Retcher - In Combat - Cast \'Bile Retcher Slam\'');

UPDATE `creature_template_addon` SET `auras` = '30079' WHERE `entry` = 16018; -- Bile Retcher

DELETE FROM `creature_addon` WHERE `guid` IN (128075, 128084); -- Bile Retcher
